{
    "parent": "item/handheld_rod",
    "textures": {
        "layer0": "item/carrot_on_a_stick"
    },
    "overrides": [
        { "predicate": {"custom_model_data": 1}, "model": "item/carrot_on_a_stick/carrot_on_a_carrot"},
        { "predicate": {"custom_model_data": 2}, "model": "item/carrot_on_a_stick/red_carrot"},
        { "predicate": {"custom_model_data": 3}, "model": "item/carrot_on_a_stick/lightsaber_chopstick"},
        { "predicate": {"custom_model_data": 4}, "model": "item/carrot_on_a_stick/summoners_tact"},
        { "predicate": {"custom_model_data": 5}, "model": "item/carrot_on_a_stick/white_mage_closure"},
        { "predicate": {"custom_model_data": 6}, "model": "item/carrot_on_a_stick/black_mage_mace"},
        { "predicate": {"custom_model_data": 7}, "model": "item/carrot_on_a_stick/angel_stick"},
        { "predicate": {"custom_model_data": 8}, "model": "item/carrot_on_a_stick/frozen_gun"},
        { "predicate": {"custom_model_data": 9}, "model": "item/carrot_on_a_stick/tinkerer_wrench"},
        { "predicate": {"custom_model_data": 10}, "model": "item/carrot_on_a_stick/buster_axe"}
    ]
}