{
    "parent": "item/generated",
    "textures": {
        "layer0": "item/gold_nugget"
    },
    "overrides": [
        { "predicate": {"custom_model_data": 41}, "model": "item/gold_nugget/add_fire/shards"},
        { "predicate": {"custom_model_data": 42}, "model": "item/gold_nugget/add_fire/gemstone"},
        { "predicate": {"custom_model_data": 43}, "model": "item/gold_nugget/add_fire/crystal"},
        { "predicate": {"custom_model_data": 44}, "model": "item/gold_nugget/add_fire/jewel"},
        { "predicate": {"custom_model_data": 51}, "model": "item/gold_nugget/add_ice/shards"},
        { "predicate": {"custom_model_data": 52}, "model": "item/gold_nugget/add_ice/gemstone"},
        { "predicate": {"custom_model_data": 53}, "model": "item/gold_nugget/add_ice/crystal"},
        { "predicate": {"custom_model_data": 54}, "model": "item/gold_nugget/add_ice/jewel"},
        { "predicate": {"custom_model_data": 61}, "model": "item/gold_nugget/add_lightning/shards"},
        { "predicate": {"custom_model_data": 62}, "model": "item/gold_nugget/add_lightning/gemstone"},
        { "predicate": {"custom_model_data": 63}, "model": "item/gold_nugget/add_lightning/crystal"},
        { "predicate": {"custom_model_data": 64}, "model": "item/gold_nugget/add_lightning/jewel"},
        { "predicate": {"custom_model_data": 71}, "model": "item/gold_nugget/add_light/shards"},
        { "predicate": {"custom_model_data": 72}, "model": "item/gold_nugget/add_light/gemstone"},
        { "predicate": {"custom_model_data": 73}, "model": "item/gold_nugget/add_light/crystal"},
        { "predicate": {"custom_model_data": 74}, "model": "item/gold_nugget/add_light/jewel"},
        { "predicate": {"custom_model_data": 81}, "model": "item/gold_nugget/add_dark/shards"},
        { "predicate": {"custom_model_data": 82}, "model": "item/gold_nugget/add_dark/gemstone"},
        { "predicate": {"custom_model_data": 83}, "model": "item/gold_nugget/add_dark/crystal"},
        { "predicate": {"custom_model_data": 84}, "model": "item/gold_nugget/add_dark/jewel"},
        { "predicate": {"custom_model_data": 91}, "model": "item/gold_nugget/element/shards"},
        { "predicate": {"custom_model_data": 92}, "model": "item/gold_nugget/element/gemstone"},
        { "predicate": {"custom_model_data": 93}, "model": "item/gold_nugget/element/crystal"},
        { "predicate": {"custom_model_data": 94}, "model": "item/gold_nugget/element/jewel"},
        { "predicate": {"custom_model_data": 121}, "model": "item/gold_nugget/boost_fire/shards"},
        { "predicate": {"custom_model_data": 122}, "model": "item/gold_nugget/boost_fire/gemstone"},
        { "predicate": {"custom_model_data": 123}, "model": "item/gold_nugget/boost_fire/crystal"},
        { "predicate": {"custom_model_data": 124}, "model": "item/gold_nugget/boost_fire/jewel"},
        { "predicate": {"custom_model_data": 131}, "model": "item/gold_nugget/boost_ice/shards"},
        { "predicate": {"custom_model_data": 132}, "model": "item/gold_nugget/boost_ice/gemstone"},
        { "predicate": {"custom_model_data": 133}, "model": "item/gold_nugget/boost_ice/crystal"},
        { "predicate": {"custom_model_data": 134}, "model": "item/gold_nugget/boost_ice/jewel"},
        { "predicate": {"custom_model_data": 141}, "model": "item/gold_nugget/boost_lightning/shards"},
        { "predicate": {"custom_model_data": 142}, "model": "item/gold_nugget/boost_lightning/gemstone"},
        { "predicate": {"custom_model_data": 143}, "model": "item/gold_nugget/boost_lightning/crystal"},
        { "predicate": {"custom_model_data": 144}, "model": "item/gold_nugget/boost_lightning/jewel"},
        { "predicate": {"custom_model_data": 151}, "model": "item/gold_nugget/boost_light/shards"},
        { "predicate": {"custom_model_data": 152}, "model": "item/gold_nugget/boost_light/gemstone"},
        { "predicate": {"custom_model_data": 153}, "model": "item/gold_nugget/boost_light/crystal"},
        { "predicate": {"custom_model_data": 154}, "model": "item/gold_nugget/boost_light/jewel"},
        { "predicate": {"custom_model_data": 161}, "model": "item/gold_nugget/boost_dark/shards"},
        { "predicate": {"custom_model_data": 162}, "model": "item/gold_nugget/boost_dark/gemstone"},
        { "predicate": {"custom_model_data": 163}, "model": "item/gold_nugget/boost_dark/crystal"},
        { "predicate": {"custom_model_data": 164}, "model": "item/gold_nugget/boost_dark/jewel"},
        { "predicate": {"custom_model_data": 171}, "model": "item/gold_nugget/philosopher/shards"},
        { "predicate": {"custom_model_data": 172}, "model": "item/gold_nugget/philosopher/gemstone"},
        { "predicate": {"custom_model_data": 173}, "model": "item/gold_nugget/philosopher/crystal"},
        { "predicate": {"custom_model_data": 174}, "model": "item/gold_nugget/philosopher/jewel"},
        { "predicate": {"custom_model_data": 181}, "model": "item/gold_nugget/purification/shards"},
        { "predicate": {"custom_model_data": 182}, "model": "item/gold_nugget/purification/gemstone"},
        { "predicate": {"custom_model_data": 183}, "model": "item/gold_nugget/purification/crystal"},
        { "predicate": {"custom_model_data": 184}, "model": "item/gold_nugget/purification/jewel"},
        { "predicate": {"custom_model_data": 331}, "model": "item/gold_nugget/protection/shards"},
        { "predicate": {"custom_model_data": 332}, "model": "item/gold_nugget/protection/gemstone"},
        { "predicate": {"custom_model_data": 333}, "model": "item/gold_nugget/protection/crystal"},
        { "predicate": {"custom_model_data": 334}, "model": "item/gold_nugget/protection/jewel"},
        { "predicate": {"custom_model_data": 341}, "model": "item/gold_nugget/projectile_protection/shards"},
        { "predicate": {"custom_model_data": 342}, "model": "item/gold_nugget/projectile_protection/gemstone"},
        { "predicate": {"custom_model_data": 343}, "model": "item/gold_nugget/projectile_protection/crystal"},
        { "predicate": {"custom_model_data": 344}, "model": "item/gold_nugget/projectile_protection/jewel"},
        { "predicate": {"custom_model_data": 351}, "model": "item/gold_nugget/blast_protection/shards"},
        { "predicate": {"custom_model_data": 352}, "model": "item/gold_nugget/blast_protection/gemstone"},
        { "predicate": {"custom_model_data": 353}, "model": "item/gold_nugget/blast_protection/crystal"},
        { "predicate": {"custom_model_data": 354}, "model": "item/gold_nugget/blast_protection/jewel"},
        { "predicate": {"custom_model_data": 361}, "model": "item/gold_nugget/fire_protection/shards"},
        { "predicate": {"custom_model_data": 362}, "model": "item/gold_nugget/fire_protection/gemstone"},
        { "predicate": {"custom_model_data": 363}, "model": "item/gold_nugget/fire_protection/crystal"},
        { "predicate": {"custom_model_data": 364}, "model": "item/gold_nugget/fire_protection/jewel"},
        { "predicate": {"custom_model_data": 371}, "model": "item/gold_nugget/feather_falling/shards"},
        { "predicate": {"custom_model_data": 372}, "model": "item/gold_nugget/feather_falling/gemstone"},
        { "predicate": {"custom_model_data": 373}, "model": "item/gold_nugget/feather_falling/crystal"},
        { "predicate": {"custom_model_data": 374}, "model": "item/gold_nugget/feather_falling/jewel"},
        { "predicate": {"custom_model_data": 381}, "model": "item/gold_nugget/dragon_scale/shards"},
        { "predicate": {"custom_model_data": 382}, "model": "item/gold_nugget/dragon_scale/gemstone"},
        { "predicate": {"custom_model_data": 383}, "model": "item/gold_nugget/dragon_scale/crystal"},
        { "predicate": {"custom_model_data": 384}, "model": "item/gold_nugget/dragon_scale/jewel"}
    ]
}