{
    "parent": "item/generated",
    "textures": {
        "layer0": "item/gold_nugget"
    },
    "overrides": [
        { "predicate": {"custom_model_data": 41}, "model": "item/gold_nugget/add_fire/shards"},
        { "predicate": {"custom_model_data": 42}, "model": "item/gold_nugget/add_fire/gemstone"},
        { "predicate": {"custom_model_data": 43}, "model": "item/gold_nugget/add_fire/crystal"},
        { "predicate": {"custom_model_data": 44}, "model": "item/gold_nugget/add_fire/jewel"},
        { "predicate": {"custom_model_data": 51}, "model": "item/gold_nugget/add_ice/shards"},
        { "predicate": {"custom_model_data": 52}, "model": "item/gold_nugget/add_ice/gemstone"},
        { "predicate": {"custom_model_data": 53}, "model": "item/gold_nugget/add_ice/crystal"},
        { "predicate": {"custom_model_data": 54}, "model": "item/gold_nugget/add_ice/jewel"},
        { "predicate": {"custom_model_data": 61}, "model": "item/gold_nugget/add_lightning/shards"},
        { "predicate": {"custom_model_data": 62}, "model": "item/gold_nugget/add_lightning/gemstone"},
        { "predicate": {"custom_model_data": 63}, "model": "item/gold_nugget/add_lightning/crystal"},
        { "predicate": {"custom_model_data": 64}, "model": "item/gold_nugget/add_lightning/jewel"},
        { "predicate": {"custom_model_data": 71}, "model": "item/gold_nugget/add_light/shards"},
        { "predicate": {"custom_model_data": 72}, "model": "item/gold_nugget/add_light/gemstone"},
        { "predicate": {"custom_model_data": 73}, "model": "item/gold_nugget/add_light/crystal"},
        { "predicate": {"custom_model_data": 74}, "model": "item/gold_nugget/add_light/jewel"},
        { "predicate": {"custom_model_data": 81}, "model": "item/gold_nugget/add_dark/shards"},
        { "predicate": {"custom_model_data": 82}, "model": "item/gold_nugget/add_dark/gemstone"},
        { "predicate": {"custom_model_data": 83}, "model": "item/gold_nugget/add_dark/crystal"},
        { "predicate": {"custom_model_data": 84}, "model": "item/gold_nugget/add_dark/jewel"},
        { "predicate": {"custom_model_data": 121}, "model": "item/gold_nugget/boost_fire/shards"},
        { "predicate": {"custom_model_data": 131}, "model": "item/gold_nugget/boost_ice/shards"},
        { "predicate": {"custom_model_data": 141}, "model": "item/gold_nugget/boost_lightning/shards"},
        { "predicate": {"custom_model_data": 151}, "model": "item/gold_nugget/boost_light/shards"},
        { "predicate": {"custom_model_data": 161}, "model": "item/gold_nugget/boost_dark/shards"},
        { "predicate": {"custom_model_data": 181}, "model": "item/gold_nugget/purification/shards"},
        { "predicate": {"custom_model_data": 182}, "model": "item/gold_nugget/purification/gemstone"},
        { "predicate": {"custom_model_data": 183}, "model": "item/gold_nugget/purification/crystal"},
        { "predicate": {"custom_model_data": 184}, "model": "item/gold_nugget/purification/jewel"}
    ]
}