{
    "parent": "item/handheld",
    "textures": {
        "layer0": "item/iron_sword"
    },
    "overrides": [
        { "predicate": {"custom_model_data": 1}, "model": "item/iron_sword/fire_sword_sensau"},
        { "predicate": {"custom_model_data": 2}, "model": "item/iron_sword/fencer_greatsword"},
        { "predicate": {"custom_model_data": 3}, "model": "item/iron_sword/world_tree_sword"},
        { "predicate": {"custom_model_data": 4}, "model": "item/iron_sword/argentum"},
        { "predicate": {"custom_model_data": 5}, "model": "item/iron_sword/a_death_flag"}
    ]
}