{
    "parent": "item/handheld_rod",
    "display": {
        "display": {
            "thirdperson_righthand": {
                "rotation": [ 53, -90, 55],
                "translation": [ 0, 4, -2],
                "scale": [ 0.85, 0.85, 0.85]
            },
            "thirdperson_lefthand": {
                "rotation": [ 53, 90, -55],
                "translation": [ 0, 4, -2],
                "scale": [ 0.85, 0.85, 0.85]
            },
            "firstperson_righthand": {
                "rotation": [ 22, -90, 25],
                "translation": [ 1.13, 3.2, 1.13],
                "scale": [ 0.68, 0.68, 0.68]
            },
            "firstperson_lefthand": {
                "rotation": [ 22, 90, -25],
                "translation": [ 1.13, 3.2, 1.13],
                "scale": [ 0.68, 0.68, 0.68]
            }
        }
    },
    "textures": {
        "layer0": "item/carrot_on_a_stick/frozen_gun"
    }
}